{"loss":{"0":1.015925765,"1":0.9883764982,"2":0.9777582288,"3":0.9720673561,"4":0.9681016207,"5":0.9650546312,"6":0.9627436399,"7":0.9602326155,"8":0.9579157829,"9":0.9564164877,"10":0.9554524422,"11":0.9547890425,"12":0.954311192,"13":0.9539735913,"14":0.9537059665,"15":0.9534455538,"16":0.9532111883,"17":0.9529916048,"18":0.9527934194,"19":0.9525247812,"20":0.9522630572,"21":0.951998353,"22":0.9517077208,"23":0.9513968229,"24":0.9511442184,"25":0.9508855939,"26":0.9506374598,"27":0.9504019022,"28":0.9501703382,"29":0.9499177933,"30":0.9496763945,"31":0.9494230151,"32":0.949198544,"33":0.948966682,"34":0.9487270117,"35":0.9484989047,"36":0.9482700229,"37":0.9480410814,"38":0.947868526,"39":0.9477071762,"40":0.9475269318,"41":0.9473662376,"42":0.9472197294,"43":0.9471179247,"44":0.9470025301,"45":0.9468774796,"46":0.9467868805,"47":0.9466700554,"48":0.9465611577,"49":0.9464700818,"50":0.9464035034,"51":0.9463125467,"52":0.9462226629,"53":0.9461615682,"54":0.9460773468,"55":0.9459904432,"56":0.9459334612,"57":0.9458745718,"58":0.9457890391,"59":0.9457281828,"60":0.9456492662,"61":0.9455904961,"62":0.9455438852,"63":0.9454607964,"64":0.9453955889,"65":0.9453121424,"66":0.9452530146,"67":0.9451757669,"68":0.9451187849,"69":0.9450338483,"70":0.9449660182,"71":0.9448786974,"72":0.9447975159,"73":0.9447330236,"74":0.9446333647,"75":0.9445783496,"76":0.944436729,"77":0.9443724751,"78":0.9443058968,"79":0.9442049265,"80":0.944132328,"81":0.9440506101,"82":0.9439616203,"83":0.9439162016,"84":0.9438560605,"85":0.9437946081,"86":0.9437362552,"87":0.9436825514,"88":0.9436038733,"89":0.9435718656,"90":0.9435159564,"91":0.9434679747,"92":0.9434142113,"93":0.9433840513,"94":0.9433382154,"95":0.9432686567,"96":0.9432142377},"msle":{"0":0.1837265044,"1":0.1767751276,"2":0.1717128605,"3":0.1695064604,"4":0.1680393517,"5":0.1671226174,"6":0.1666858047,"7":0.1659801304,"8":0.1656160504,"9":0.1655100882,"10":0.1654505432,"11":0.1653128862,"12":0.165217787,"13":0.1650982946,"14":0.1649267226,"15":0.164698571,"16":0.1645773947,"17":0.1643796712,"18":0.1641450673,"19":0.1639117301,"20":0.1637841761,"21":0.1637372673,"22":0.1638315022,"23":0.1639155596,"24":0.1641002148,"25":0.1642681807,"26":0.1644334495,"27":0.1645846665,"28":0.1647032201,"29":0.1648389995,"30":0.1649908274,"31":0.1650405824,"32":0.1651256531,"33":0.1651639193,"34":0.1652392447,"35":0.1652847081,"36":0.1653557867,"37":0.165393427,"38":0.1654171348,"39":0.1654322892,"40":0.1654315591,"41":0.1654315144,"42":0.1654763371,"43":0.165458411,"44":0.1654990464,"45":0.1654922813,"46":0.1655024588,"47":0.1654950082,"48":0.1654786766,"49":0.165450573,"50":0.1654518992,"51":0.1654529721,"52":0.1654068977,"53":0.1653910279,"54":0.165393576,"55":0.1653574407,"56":0.1653882563,"57":0.1653547883,"58":0.1653414816,"59":0.1653594524,"60":0.1653482914,"61":0.1653290093,"62":0.1653223336,"63":0.1652823389,"64":0.1652579606,"65":0.1652299464,"66":0.1652180701,"67":0.1652102917,"68":0.165235281,"69":0.1652250588,"70":0.1651807874,"71":0.1651411504,"72":0.1651513577,"73":0.1651057154,"74":0.1651031673,"75":0.1650858223,"76":0.1650379449,"77":0.1650388092,"78":0.1650685966,"79":0.1650491208,"80":0.1650478393,"81":0.1650220454,"82":0.1649946123,"83":0.1650162935,"84":0.1650292128,"85":0.1650144309,"86":0.165042907,"87":0.1650228947,"88":0.1650091559,"89":0.1650132686,"90":0.164997384,"91":0.1649825871,"92":0.1649848074,"93":0.1649934798,"94":0.1650046408,"95":0.1650034487,"96":0.1649937332},"val_loss":{"0":0.9964773059,"1":0.9824762344,"2":0.9749094844,"3":0.9707320929,"4":0.9671362042,"5":0.9647706151,"6":0.9626092911,"7":0.9597994089,"8":0.9579375386,"9":0.9568705559,"10":0.9561371803,"11":0.9555563927,"12":0.9552643895,"13":0.9549098015,"14":0.9546516538,"15":0.9544183016,"16":0.9542668462,"17":0.9542139173,"18":0.9538924098,"19":0.9537372589,"20":0.953414619,"21":0.9531475902,"22":0.952896893,"23":0.9526051283,"24":0.9523237944,"25":0.952121377,"26":0.9518921971,"27":0.9516191483,"28":0.9513891339,"29":0.9511234164,"30":0.950944066,"31":0.9506441951,"32":0.9503242373,"33":0.9501511455,"34":0.9498645663,"35":0.9497681856,"36":0.9494510889,"37":0.9492228627,"38":0.9490698576,"39":0.9490329027,"40":0.9487774968,"41":0.948708415,"42":0.9485516548,"43":0.9484907389,"44":0.9483488798,"45":0.9481784701,"46":0.9482741356,"47":0.9480420947,"48":0.9479144216,"49":0.9478808641,"50":0.9478487968,"51":0.9477211833,"52":0.9476169348,"53":0.9475985765,"54":0.9474579692,"55":0.9473415613,"56":0.9473224878,"57":0.9473152161,"58":0.9472377896,"59":0.9471033812,"60":0.9471762776,"61":0.9469901919,"62":0.9468660355,"63":0.9468413591,"64":0.9467841387,"65":0.9466708899,"66":0.9467600584,"67":0.9465993643,"68":0.9465511441,"69":0.9464746714,"70":0.9463273883,"71":0.9462428093,"72":0.9462457895,"73":0.9461526871,"74":0.9460304379,"75":0.9460046887,"76":0.9458752871,"77":0.9459431767,"78":0.9459971189,"79":0.9456936717,"80":0.9455701709,"81":0.9454434514,"82":0.9453605413,"83":0.9454353452,"84":0.9453080893,"85":0.9454059601,"86":0.9452604055,"87":0.9450327754,"88":0.9450609088,"89":0.9451444745,"90":0.9450119734,"91":0.9449282885,"92":0.9448865652,"93":0.9447766542,"94":0.9449546933,"95":0.9448107481,"96":0.9448602796},"val_msle":{"0":0.1817915142,"1":0.1736187935,"2":0.1708465517,"3":0.1690745056,"4":0.1674069315,"5":0.1669761688,"6":0.1665225774,"7":0.1662674248,"8":0.1656622142,"9":0.1657899916,"10":0.1659591347,"11":0.165545091,"12":0.165901795,"13":0.1653647125,"14":0.165395543,"15":0.1654089242,"16":0.164932549,"17":0.1646691412,"18":0.1645481586,"19":0.1645690352,"20":0.1640546024,"21":0.1643441468,"22":0.1645631045,"23":0.1647070944,"24":0.1646786183,"25":0.1649805009,"26":0.1651417315,"27":0.1651769578,"28":0.1651578248,"29":0.1654498875,"30":0.1655363292,"31":0.1655710936,"32":0.1657109261,"33":0.1657554656,"34":0.1660435796,"35":0.1659633815,"36":0.1659834683,"37":0.1659376621,"38":0.1661462486,"39":0.1662291437,"40":0.1657308191,"41":0.1663213521,"42":0.1659304351,"43":0.166231513,"44":0.1660364866,"45":0.1661494374,"46":0.1656823903,"47":0.1658329964,"48":0.166053623,"49":0.166086942,"50":0.1660696566,"51":0.1662006676,"52":0.1659785658,"53":0.1660101414,"54":0.1660339534,"55":0.1660904884,"56":0.1658709645,"57":0.1658913046,"58":0.1658854932,"59":0.165909335,"60":0.1659918576,"61":0.1660348326,"62":0.165808633,"63":0.1655686349,"64":0.1657933295,"65":0.1658937037,"66":0.1658912748,"67":0.165704459,"68":0.1657936871,"69":0.1656155884,"70":0.1658052802,"71":0.1656779051,"72":0.165700227,"73":0.1658036709,"74":0.1655554026,"75":0.1656700671,"76":0.1655575037,"77":0.165711537,"78":0.1657198519,"79":0.1655450016,"80":0.1656133831,"81":0.1657046825,"82":0.1655194461,"83":0.1657046229,"84":0.1656772196,"85":0.1655911505,"86":0.1654568613,"87":0.1657009572,"88":0.1656205803,"89":0.1656459421,"90":0.1655139774,"91":0.1655754745,"92":0.1656094342,"93":0.1655354053,"94":0.1656532586,"95":0.1657492518,"96":0.1656849086}}