{"loss":{"0":0.1213808507,"1":0.1179704443,"2":0.1175357699,"3":0.1170665994,"4":0.1169122681,"5":0.1167782098,"6":0.1166079193,"7":0.1162653416,"8":0.1157710552,"9":0.1154823676,"10":0.11517445,"11":0.1148618907,"12":0.1145698577,"13":0.1142962128,"14":0.1140566692,"15":0.1138556004,"16":0.1137230769,"17":0.1136560068,"18":0.1136113256,"19":0.1135765463,"20":0.1135398299,"21":0.113499321,"22":0.1134593636,"23":0.1134204417,"24":0.1133776158,"25":0.1133241057,"26":0.1132746115,"27":0.1132365242,"28":0.1132108942,"29":0.1131792665,"30":0.1131540313,"31":0.1131333262,"32":0.1131080016,"33":0.1130838394,"34":0.1130575314,"35":0.1130264997,"36":0.1129943877,"37":0.1129671186,"38":0.112949647,"39":0.1129261628,"40":0.1129044145,"41":0.1128835902,"42":0.1128652468,"43":0.1128421426,"44":0.1128211841,"45":0.1128014773,"46":0.1127806902,"47":0.112766698,"48":0.1127591133,"49":0.1127396822,"50":0.1127261743,"51":0.1127137095,"52":0.1127009839,"53":0.1126938909,"54":0.1126860529,"55":0.1126669869,"56":0.1126609296,"57":0.1126484871,"58":0.112640515,"59":0.1126263142,"60":0.1126266941,"61":0.1126125678,"62":0.1126003414,"63":0.1125975624,"64":0.1125975847,"65":0.1125823483,"66":0.1125782132,"67":0.1125672907,"68":0.1125754938,"69":0.1125567108,"70":0.1125651225,"71":0.1125596166,"72":0.1125535965},"mse":{"0":1.0925447941,"1":1.0685628653,"2":1.0660026073,"3":1.0630625486,"4":1.0622558594,"5":1.0617190599,"6":1.0612181425,"7":1.0599544048,"8":1.0579479933,"9":1.0572867393,"10":1.0564556122,"11":1.0555237532,"12":1.0544197559,"13":1.0532237291,"14":1.0522909164,"15":1.0516970158,"16":1.0512415171,"17":1.0509449244,"18":1.0506846905,"19":1.0504724979,"20":1.0502583981,"21":1.0500466824,"22":1.0498132706,"23":1.049623251,"24":1.0494478941,"25":1.049227953,"26":1.0490131378,"27":1.0488340855,"28":1.0486884117,"29":1.0485061407,"30":1.0483685732,"31":1.0482478142,"32":1.0481264591,"33":1.0480217934,"34":1.0479329824,"35":1.0478308201,"36":1.0477371216,"37":1.0476430655,"38":1.0475599766,"39":1.0474756956,"40":1.0474023819,"41":1.0473438501,"42":1.047283411,"43":1.0472162962,"44":1.0471584797,"45":1.0470899343,"46":1.0469962358,"47":1.0469527245,"48":1.046923399,"49":1.0468546152,"50":1.0467687845,"51":1.0467660427,"52":1.0466897488,"53":1.0466575623,"54":1.0466279984,"55":1.046566844,"56":1.0465346575,"57":1.0464863777,"58":1.0464575291,"59":1.0464143753,"60":1.0463964939,"61":1.0463260412,"62":1.0463184118,"63":1.0462758541,"64":1.0462715626,"65":1.0462309122,"66":1.0462225676,"67":1.0461479425,"68":1.0461604595,"69":1.046112299,"70":1.0461168289,"71":1.0460979939,"72":1.046061635},"val_loss":{"0":0.1186129674,"1":0.1178149357,"2":0.1173507944,"3":0.1171899885,"4":0.1170701236,"5":0.1169551164,"6":0.1167742386,"7":0.1161687747,"8":0.1158721447,"9":0.1155560836,"10":0.1152290255,"11":0.1148999482,"12":0.1145816818,"13":0.1143149585,"14":0.1141168252,"15":0.1139189228,"16":0.1138291359,"17":0.1137743369,"18":0.1137283593,"19":0.1137144119,"20":0.1136566401,"21":0.1136139855,"22":0.1135873199,"23":0.1135245189,"24":0.1135087162,"25":0.1134533882,"26":0.1134299189,"27":0.113383159,"28":0.1133538932,"29":0.1133340448,"30":0.113297604,"31":0.11328125,"32":0.1132717729,"33":0.1132464856,"34":0.1132183895,"35":0.1131696254,"36":0.113162294,"37":0.1131527051,"38":0.1131006107,"39":0.1130946726,"40":0.1130528599,"41":0.1130411848,"42":0.1130091101,"43":0.1130115166,"44":0.1129854172,"45":0.1129572988,"46":0.1129536778,"47":0.1129371673,"48":0.1129202396,"49":0.1129522324,"50":0.1128930822,"51":0.1128895059,"52":0.1128655225,"53":0.1128722802,"54":0.1128663868,"55":0.1128517389,"56":0.1128435582,"57":0.1128070578,"58":0.1128150076,"59":0.1128033027,"60":0.1127813235,"61":0.1127858385,"62":0.1127801314,"63":0.1127630472,"64":0.1127597243,"65":0.1127822995,"66":0.1127648726,"67":0.1127313524,"68":0.1127345785,"69":0.1127134785,"70":0.1127276644,"71":0.1127374321,"72":0.1127185822},"val_mse":{"0":1.0716488361,"1":1.0664100647,"2":1.0648621321,"3":1.0636821985,"4":1.0619575977,"5":1.0617312193,"6":1.0629829168,"7":1.0596441031,"8":1.0596410036,"9":1.0572398901,"10":1.0575916767,"11":1.0557453632,"12":1.0547620058,"13":1.0530571938,"14":1.0533488989,"15":1.0514013767,"16":1.052698493,"17":1.0513925552,"18":1.0508315563,"19":1.0512254238,"20":1.0513442755,"21":1.0506687164,"22":1.050712347,"23":1.0493280888,"24":1.0501155853,"25":1.0504721403,"26":1.0504095554,"27":1.0496770144,"28":1.0486165285,"29":1.0490894318,"30":1.0480158329,"31":1.0485225916,"32":1.0487419367,"33":1.0489178896,"34":1.0476567745,"35":1.0484821796,"36":1.0475370884,"37":1.0478847027,"38":1.0483340025,"39":1.0482752323,"40":1.0479850769,"41":1.0477280617,"42":1.0475122929,"43":1.0482683182,"44":1.0474402905,"45":1.0476046801,"46":1.0478050709,"47":1.0473148823,"48":1.0468146801,"49":1.0471832752,"50":1.0482449532,"51":1.0476255417,"52":1.0474777222,"53":1.048902154,"54":1.0471006632,"55":1.0470119715,"56":1.0469248295,"57":1.0463650227,"58":1.0466470718,"59":1.0473735332,"60":1.0465067625,"61":1.0480300188,"62":1.0460926294,"63":1.0474051237,"64":1.0465502739,"65":1.0466274023,"66":1.045907259,"67":1.0456430912,"68":1.0464433432,"69":1.0480411053,"70":1.0471208096,"71":1.0464990139,"72":1.0461447239}}