{"loss":{"0":0.9274216294,"1":0.9203237891,"2":0.9166224003,"3":0.9134048223,"4":0.910477519,"5":0.9075670242,"6":0.9051091075,"7":0.9025973082,"8":0.9005223513,"9":0.8990935087,"10":0.8978068829,"11":0.8966917396,"12":0.8958728313,"13":0.8951432705,"14":0.8943635821,"15":0.8937880397,"16":0.8932051063,"17":0.89256984,"18":0.8920162916,"19":0.8915886879,"20":0.8912157416,"21":0.8907259703,"22":0.8904786706,"23":0.8899261355,"24":0.8894708753,"25":0.8891568184,"26":0.8887938261,"27":0.8884170055,"28":0.888276875,"29":0.8879851699,"30":0.8877070546,"31":0.8875674009,"32":0.8873620629,"33":0.8871619701,"34":0.8869494796,"35":0.8865266442,"36":0.8863084316,"37":0.8861094117,"38":0.88618958,"39":0.8859127164,"40":0.885560751,"41":0.8853542805,"42":0.8853120804,"43":0.885253191,"44":0.8849514723,"45":0.8849449754,"46":0.884758532,"47":0.8847290874,"48":0.8845908642,"49":0.8843227625,"50":0.8842158914,"51":0.8840737939,"52":0.88403368,"53":0.8838665485,"54":0.8838772774,"55":0.8837159872,"56":0.8836116791,"57":0.8834615946,"58":0.883292079,"59":0.8831976056,"60":0.8832669258,"61":0.8830740452,"62":0.88302356,"63":0.8829862475,"64":0.8829045892,"65":0.8827022314},"msle":{"0":0.1364383548,"1":0.1333175898,"2":0.1313435286,"3":0.1296046376,"4":0.1279912889,"5":0.126426816,"6":0.1250730753,"7":0.1236689091,"8":0.1227014735,"9":0.1221110225,"10":0.1216330007,"11":0.121244505,"12":0.1210434735,"13":0.12082012,"14":0.1206170544,"15":0.1204558015,"16":0.1202762872,"17":0.1200737506,"18":0.1198894456,"19":0.1197833791,"20":0.1196473986,"21":0.1195088029,"22":0.1194725782,"23":0.1192701161,"24":0.1191160157,"25":0.1190385595,"26":0.1189310774,"27":0.118843846,"28":0.1188495532,"29":0.1187923551,"30":0.1187237725,"31":0.1187317446,"32":0.1186892763,"33":0.1186614633,"34":0.1185982972,"35":0.1184365973,"36":0.1183739156,"37":0.118334122,"38":0.1184355095,"39":0.1183457822,"40":0.1182367206,"41":0.1181945428,"42":0.118194662,"43":0.1182133183,"44":0.1181292534,"45":0.1181642115,"46":0.1181163639,"47":0.1181467921,"48":0.1181159914,"49":0.1180234998,"50":0.1180153787,"51":0.1179950163,"52":0.1180085167,"53":0.11797975,"54":0.1180286407,"55":0.1179996207,"56":0.1179578602,"57":0.1179355383,"58":0.1178984269,"59":0.1178934947,"60":0.1179628596,"61":0.1179025024,"62":0.1179108173,"63":0.1179189384,"64":0.1179132685,"65":0.1178461611},"val_loss":{"0":0.918449223,"1":0.9140654802,"2":0.9120337367,"3":0.9082950354,"4":0.9050744772,"5":0.90280056,"6":0.9004801512,"7":0.8985319734,"8":0.8970988989,"9":0.8952719569,"10":0.8941502571,"11":0.8933085799,"12":0.8928138018,"13":0.8918120861,"14":0.8909660578,"15":0.8903482556,"16":0.8901479244,"17":0.8895340562,"18":0.8891579509,"19":0.8883789778,"20":0.8880182505,"21":0.8889137506,"22":0.8873485923,"23":0.8869237304,"24":0.8864973187,"25":0.8863632679,"26":0.8857675791,"27":0.8857167363,"28":0.8855436444,"29":0.8850947022,"30":0.885581553,"31":0.8853222728,"32":0.8850556612,"33":0.8845815659,"34":0.8842058778,"35":0.8837922812,"36":0.8835072517,"37":0.8837437034,"38":0.8836604953,"39":0.8834981322,"40":0.8833133578,"41":0.8829331994,"42":0.8837419748,"43":0.8824625611,"44":0.8825047612,"45":0.882420063,"46":0.8826562166,"47":0.8822072148,"48":0.8822539449,"49":0.8821059465,"50":0.8820662498,"51":0.8817549944,"52":0.8816623688,"53":0.8814992309,"54":0.8818997741,"55":0.8818392158,"56":0.881297648,"57":0.8810726404,"58":0.8809720278,"59":0.8809812069,"60":0.8808737397,"61":0.8807905316,"62":0.8805904984,"63":0.8806374073,"64":0.8809369206,"65":0.880715847},"val_msle":{"0":0.1347019523,"1":0.132200256,"2":0.130644992,"3":0.1288500875,"4":0.12736018,"5":0.1257233173,"6":0.1245401427,"7":0.1237316653,"8":0.1226369888,"9":0.1219563261,"10":0.1219499037,"11":0.1216964796,"12":0.1212654561,"13":0.1213144809,"14":0.1207811534,"15":0.1206487268,"16":0.1205259189,"17":0.1205374822,"18":0.1203557327,"19":0.1201982945,"20":0.1200124323,"21":0.1203709841,"22":0.1195834652,"23":0.119627662,"24":0.1196970716,"25":0.1193221658,"26":0.1191454083,"27":0.1191907302,"28":0.1191126257,"29":0.1191668957,"30":0.119208701,"31":0.1195893809,"32":0.1191885248,"33":0.1191026196,"34":0.1193363965,"35":0.1187795401,"36":0.1185978875,"37":0.1191309169,"38":0.1187852398,"39":0.1187462136,"40":0.1186001003,"41":0.1187788546,"42":0.118878372,"43":0.1186587662,"44":0.118588917,"45":0.118949227,"46":0.1184543744,"47":0.1183601394,"48":0.1184388101,"49":0.1186100692,"50":0.1182729825,"51":0.1185152754,"52":0.1185229123,"53":0.1185075641,"54":0.1186300963,"55":0.1189389303,"56":0.1182629094,"57":0.1182486117,"58":0.1183709055,"59":0.1184528247,"60":0.1184423789,"61":0.1185391024,"62":0.1183321998,"63":0.1184503809,"64":0.1181545183,"65":0.1183405593}}