{"loss":{"0":0.9553839564,"1":0.9157032371,"2":0.8950217366,"3":0.8777558208,"4":0.8628612757,"5":0.8522601128,"6":0.8446413875,"7":0.8365985751,"8":0.8283560872,"9":0.8220125437,"10":0.817003727,"11":0.8133184314,"12":0.8103730083,"13":0.8076863885,"14":0.8054915667,"15":0.803301692,"16":0.8010467291,"17":0.7990736961,"18":0.7972775698,"19":0.7958411574,"20":0.7941445112,"21":0.7927644253,"22":0.7913284898,"23":0.789732337,"24":0.7885358334,"25":0.7868334055,"26":0.7853749394,"27":0.7842087746,"28":0.7828512788,"29":0.7813063264,"30":0.7801770568,"31":0.7790843248,"32":0.778144002,"33":0.7774982452,"34":0.7768691778,"35":0.776573956,"36":0.7760751247,"37":0.7756745815,"38":0.7751193643,"39":0.7747887969,"40":0.7744348049,"41":0.7742267847,"42":0.773678422,"43":0.7733659744,"44":0.7729486227,"45":0.7726646662,"46":0.7722489834,"47":0.7720720768,"48":0.7715427876,"49":0.7711628079,"50":0.7708711028,"51":0.770755887,"52":0.7701794505,"53":0.7695987225,"54":0.7692486048,"55":0.7690084577,"56":0.7686679959,"57":0.7679545879,"58":0.7679832578,"59":0.7673884034,"60":0.7672114372,"61":0.7669088244,"62":0.7666431069,"63":0.7664806247,"64":0.7661785483},"msle":{"0":0.1366299987,"1":0.1296724826,"2":0.1291081458,"3":0.1285880208,"4":0.1284778863,"5":0.1282650083,"6":0.1281141788,"7":0.1277623177,"8":0.127409324,"9":0.1271434128,"10":0.126869455,"11":0.1266093403,"12":0.1264086217,"13":0.1260972023,"14":0.1259350479,"15":0.1256476641,"16":0.1255143583,"17":0.1253209561,"18":0.1251519769,"19":0.1250039637,"20":0.1248351708,"21":0.1246790439,"22":0.124514766,"23":0.1242884248,"24":0.1241300404,"25":0.1238425002,"26":0.1236989871,"27":0.1234707758,"28":0.1232701391,"29":0.1230013445,"30":0.1228249297,"31":0.1225900874,"32":0.1223744825,"33":0.1222204044,"34":0.1220591664,"35":0.122021988,"36":0.121871613,"37":0.1217316687,"38":0.1216682196,"39":0.1215463877,"40":0.1214128584,"41":0.1213729456,"42":0.121294044,"43":0.1212245002,"44":0.1211831793,"45":0.1211572289,"46":0.1210756898,"47":0.1211113781,"48":0.1210071445,"49":0.120904848,"50":0.1208498701,"51":0.1208380312,"52":0.1208284497,"53":0.1208041161,"54":0.1208282709,"55":0.1207746118,"56":0.1207240522,"57":0.1206779703,"58":0.1206466928,"59":0.1206090525,"60":0.1206175834,"61":0.1205364391,"62":0.1205057949,"63":0.1204960644,"64":0.1204156354},"val_loss":{"0":0.9266677499,"1":0.8991343975,"2":0.8830738664,"3":0.8658177257,"4":0.8554258943,"5":0.8487500548,"6":0.8406995535,"7":0.8329948783,"8":0.8288165927,"9":0.8220530748,"10":0.8181971312,"11":0.8171005845,"12":0.8133507967,"13":0.8109934926,"14":0.8083538413,"15":0.8065918684,"16":0.8044710755,"17":0.8026534915,"18":0.8011645675,"19":0.8006484509,"20":0.7991936207,"21":0.7962195277,"22":0.7954990268,"23":0.795226872,"24":0.7930413485,"25":0.7911206484,"26":0.7903678417,"27":0.7901251316,"28":0.7880880833,"29":0.7873939276,"30":0.7860108018,"31":0.7848606706,"32":0.7840456367,"33":0.7831280828,"34":0.7825761437,"35":0.7828053832,"36":0.7814928889,"37":0.7815493941,"38":0.7809060812,"39":0.7810328007,"40":0.7809279561,"41":0.7802329659,"42":0.7808668017,"43":0.7791842818,"44":0.7793029547,"45":0.7788289189,"46":0.7795830369,"47":0.7778910398,"48":0.7773063183,"49":0.7769173384,"50":0.7786715627,"51":0.7769422531,"52":0.7761315107,"53":0.7765285969,"54":0.7748315334,"55":0.7738329768,"56":0.7739177942,"57":0.774889648,"58":0.7731797695,"59":0.7736045718,"60":0.7727752328,"61":0.7723757029,"62":0.7738752961,"63":0.7726641893,"64":0.7731794715},"val_msle":{"0":0.1311698854,"1":0.1292801648,"2":0.1285678148,"3":0.1287209839,"4":0.1286765784,"5":0.1283500046,"6":0.1278760582,"7":0.1277061552,"8":0.1276400089,"9":0.127074495,"10":0.1270625889,"11":0.1269520223,"12":0.1260614693,"13":0.12631917,"14":0.1260357201,"15":0.1260336339,"16":0.1254887581,"17":0.1254201829,"18":0.1249018759,"19":0.1250638068,"20":0.1247674525,"21":0.1244094297,"22":0.1244399846,"23":0.1244329736,"24":0.1243100688,"25":0.1237712651,"26":0.1233926937,"27":0.1237158105,"28":0.1231739894,"29":0.1232880577,"30":0.1227744594,"31":0.1223199666,"32":0.1224311441,"33":0.1222488284,"34":0.1220393851,"35":0.1225882918,"36":0.1218466759,"37":0.1218356565,"38":0.1217300743,"39":0.1214481518,"40":0.1217164248,"41":0.1214446351,"42":0.1215010211,"43":0.1213168576,"44":0.1217539385,"45":0.1214119643,"46":0.1216978431,"47":0.1212607622,"48":0.1212148145,"49":0.1212219894,"50":0.1214796156,"51":0.1211223975,"52":0.1212942153,"53":0.1213752776,"54":0.1209105775,"55":0.1206444502,"56":0.1210376695,"57":0.1209276468,"58":0.1206794307,"59":0.1209275201,"60":0.1207778528,"61":0.1206698343,"62":0.1211782545,"63":0.1205753759,"64":0.1205992177}}