{"loss":{"0":0.9544188976,"1":0.9146478772,"2":0.88759166,"3":0.8695570827,"4":0.8555897474,"5":0.8445514441,"6":0.8366751671,"7":0.8308788538,"8":0.8268410563,"9":0.8236643076,"10":0.8211037517,"11":0.8182082772,"12":0.8157533407,"13":0.8135296106,"14":0.8119840026,"15":0.8103471994,"16":0.8091346025,"17":0.8077614307,"18":0.8065222502,"19":0.8056410551,"20":0.8049140573,"21":0.8038253784,"22":0.8027313352,"23":0.802149713,"24":0.8012595177,"25":0.800519824,"26":0.7997810245,"27":0.799210608,"28":0.7982469797,"29":0.7971099019,"30":0.7960033417,"31":0.7948292494,"32":0.7935439944,"33":0.7924682498,"34":0.7914569974,"35":0.790207386,"36":0.7892045379,"37":0.7884681225,"38":0.7877123356,"39":0.7870048285,"40":0.7862448096,"41":0.7854807973,"42":0.7849820852,"43":0.7839826941,"44":0.7834278941,"45":0.7823317647,"46":0.7814037204,"47":0.7806372643,"48":0.7802504897,"49":0.7793710232,"50":0.7781983018,"51":0.7771888375,"52":0.7765542269,"53":0.7756579518,"54":0.7751171589,"55":0.774366498,"56":0.7737883329,"57":0.7733070254,"58":0.7729162574,"59":0.7723852396,"60":0.7716527581,"61":0.7711906433,"62":0.7703177929,"63":0.7694538832,"64":0.7690316439,"65":0.7681713104,"66":0.7660057545,"67":0.7652333975,"68":0.7647917271,"69":0.7645522952,"70":0.7643175125,"71":0.763893187,"72":0.7635157108,"73":0.7630608678,"74":0.7627592087,"75":0.7626416087,"76":0.7622936368,"77":0.7622003555,"78":0.7618591189,"79":0.7617314458,"80":0.7613235116,"81":0.7612053156,"82":0.7609990835,"83":0.7607614994,"84":0.7606769204,"85":0.7606981397},"msle":{"0":0.1365768015,"1":0.1291510612,"2":0.1278276145,"3":0.1279360503,"4":0.1283169687,"5":0.1283538789,"6":0.1281402409,"7":0.127924487,"8":0.1276497692,"9":0.1275051087,"10":0.1274511814,"11":0.1273715496,"12":0.1272348017,"13":0.1271067858,"14":0.1270802617,"15":0.1269602627,"16":0.1268846244,"17":0.1267422587,"18":0.1266441643,"19":0.126609385,"20":0.1266315132,"21":0.1265319586,"22":0.126411438,"23":0.1264356226,"24":0.1263543665,"25":0.1262867004,"26":0.1262273043,"27":0.1261921376,"28":0.1262186319,"29":0.1260910928,"30":0.1259224415,"31":0.1258083731,"32":0.1255274713,"33":0.1253599077,"34":0.1251795292,"35":0.1249694079,"36":0.1247898042,"37":0.1246976331,"38":0.124555476,"39":0.1244828478,"40":0.1243961304,"41":0.1243019477,"42":0.1242930442,"43":0.1241456643,"44":0.1242058724,"45":0.1240941659,"46":0.1239578202,"47":0.1239154637,"48":0.1239857525,"49":0.1238753945,"50":0.1237760931,"51":0.1235918701,"52":0.1235666722,"53":0.1233932972,"54":0.1233447641,"55":0.1231654584,"56":0.1230652034,"57":0.1230106503,"58":0.1229024529,"59":0.1228683218,"60":0.1228082925,"61":0.1228630617,"62":0.1227252185,"63":0.1226966679,"64":0.1226399839,"65":0.1225682199,"66":0.1221475899,"67":0.121960476,"68":0.1219186261,"69":0.1218632758,"70":0.121822387,"71":0.1217045188,"72":0.1217057332,"73":0.1215820462,"74":0.1215484664,"75":0.121493198,"76":0.1214322075,"77":0.1213946268,"78":0.1213576645,"79":0.1212954968,"80":0.1212045923,"81":0.1211506277,"82":0.1211342514,"83":0.1210726872,"84":0.1210302636,"85":0.1210089698},"max_pool_mse":{"0":4.7664513588,"1":4.2049870491,"2":3.926725626,"3":3.8019938469,"4":3.7144975662,"5":3.6577036381,"6":3.6222374439,"7":3.5973644257,"8":3.5764212608,"9":3.5583662987,"10":3.5452666283,"11":3.5280361176,"12":3.5160207748,"13":3.5019686222,"14":3.4953801632,"15":3.4825832844,"16":3.4746589661,"17":3.4622857571,"18":3.453694582,"19":3.4443252087,"20":3.4397759438,"21":3.4308714867,"22":3.420848608,"23":3.4154484272,"24":3.4109888077,"25":3.4036400318,"26":3.3968999386,"27":3.3913378716,"28":3.3864383698,"29":3.3754413128,"30":3.3667652607,"31":3.359534502,"32":3.3485937119,"33":3.3389344215,"34":3.3326506615,"35":3.3228280544,"36":3.3177092075,"37":3.3132424355,"38":3.3084440231,"39":3.3062469959,"40":3.3003194332,"41":3.2964890003,"42":3.2924070358,"43":3.285192728,"44":3.2832603455,"45":3.2765126228,"46":3.2697508335,"47":3.2641308308,"48":3.2629966736,"49":3.2556667328,"50":3.2472362518,"51":3.2397153378,"52":3.2377867699,"53":3.2318840027,"54":3.2297735214,"55":3.2262744904,"56":3.2231259346,"57":3.2202794552,"58":3.2177155018,"59":3.2147927284,"60":3.2082436085,"61":3.2046642303,"62":3.1993639469,"63":3.1935653687,"64":3.1896979809,"65":3.1855425835,"66":3.1635587215,"67":3.155230999,"68":3.1523857117,"69":3.1501865387,"70":3.1479613781,"71":3.1461005211,"72":3.1423594952,"73":3.13940835,"74":3.1377384663,"75":3.1370959282,"76":3.1353726387,"77":3.1341555119,"78":3.1325528622,"79":3.1307387352,"80":3.1280443668,"81":3.1290447712,"82":3.1267755032,"83":3.1272985935,"84":3.1253163815,"85":3.1252727509},"val_loss":{"0":0.9253908992,"1":0.8943205476,"2":0.8740615845,"3":0.8589215875,"4":0.8477823138,"5":0.8399621844,"6":0.8337116241,"7":0.8286489248,"8":0.8262833357,"9":0.8229913116,"10":0.8206043243,"11":0.818074882,"12":0.8162392378,"13":0.8144953251,"14":0.8132846951,"15":0.8121990561,"16":0.8111673594,"17":0.8100047708,"18":0.8100343943,"19":0.8115632534,"20":0.8074693084,"21":0.8067283034,"22":0.8066878319,"23":0.805629015,"24":0.8047091961,"25":0.8047268987,"26":0.8055874109,"27":0.8045013547,"28":0.8040207624,"29":0.8013125658,"30":0.8008716702,"31":0.8006935716,"32":0.7991393209,"33":0.7977772355,"34":0.7960563898,"35":0.7954389453,"36":0.7942993641,"37":0.7931594253,"38":0.7941601872,"39":0.7925797105,"40":0.7911160588,"41":0.7930111289,"42":0.7909147143,"43":0.7918046117,"44":0.7880373001,"45":0.7880036235,"46":0.7873468995,"47":0.7883934975,"48":0.7859295607,"49":0.7853233814,"50":0.7847059369,"51":0.7840154171,"52":0.7829145789,"53":0.7832228541,"54":0.7815139294,"55":0.7811731696,"56":0.7815360427,"57":0.7805666924,"58":0.7798112631,"59":0.779301703,"60":0.7792002559,"61":0.7782987952,"62":0.7777023911,"63":0.7768975496,"64":0.7768571973,"65":0.7753690481,"66":0.773639679,"67":0.773367703,"68":0.7726106644,"69":0.7730764747,"70":0.772562623,"71":0.7721730471,"72":0.7717316151,"73":0.7716328502,"74":0.7709198594,"75":0.771099031,"76":0.7707112432,"77":0.7719227076,"78":0.7706975937,"79":0.7704614997,"80":0.7701233029,"81":0.7700804472,"82":0.7692413926,"83":0.7703158855,"84":0.7698325515,"85":0.7695214748},"val_msle":{"0":0.1308454275,"1":0.1279612184,"2":0.1276586056,"3":0.1279972345,"4":0.1283397377,"5":0.1280946136,"6":0.1278481185,"7":0.127587527,"8":0.1280808002,"9":0.1276456118,"10":0.1273710728,"11":0.126975283,"12":0.126825884,"13":0.127053991,"14":0.1268618852,"15":0.1266938895,"16":0.1268530488,"17":0.1266605407,"18":0.1270127296,"19":0.1267856807,"20":0.1261015385,"21":0.1262676716,"22":0.1266261935,"23":0.1262639016,"24":0.1261853725,"25":0.1262844503,"26":0.1267067343,"27":0.126740858,"28":0.1262568384,"29":0.1258417815,"30":0.1260648519,"31":0.1258017421,"32":0.125513792,"33":0.1253451258,"34":0.1249166355,"35":0.1250589937,"36":0.1247901469,"37":0.1244789883,"38":0.1251784861,"39":0.1248578653,"40":0.1244055107,"41":0.1252102554,"42":0.1242855862,"43":0.1250188798,"44":0.1239660829,"45":0.1239866614,"46":0.1239378303,"47":0.1245156825,"48":0.1238074601,"49":0.1238326505,"50":0.1234341338,"51":0.1237076074,"52":0.1231948435,"53":0.123808749,"54":0.1230690032,"55":0.1233163625,"56":0.1235586628,"57":0.1231019869,"58":0.1229185015,"59":0.122797884,"60":0.1231860146,"61":0.122629717,"62":0.1229896992,"63":0.1228425801,"64":0.1227539033,"65":0.1224950701,"66":0.1221758351,"67":0.1220119745,"68":0.1218202189,"69":0.1218493581,"70":0.1217048988,"71":0.1218225658,"72":0.1217398047,"73":0.1218409017,"74":0.1214489043,"75":0.1215065196,"76":0.12145973,"77":0.1215662807,"78":0.1213396862,"79":0.1215589643,"80":0.1213507205,"81":0.1214608178,"82":0.1211937368,"83":0.1216569394,"84":0.1210289374,"85":0.1209424436},"val_max_pool_mse":{"0":4.3763027191,"1":3.9922389984,"2":3.830943346,"3":3.7474420071,"4":3.6804680824,"5":3.6194400787,"6":3.602524519,"7":3.5722362995,"8":3.599937439,"9":3.586997509,"10":3.5399391651,"11":3.5198690891,"12":3.5043354034,"13":3.5221061707,"14":3.5105481148,