{"loss":{"0":0.9495440125,"1":0.9128696322,"2":0.8899078369,"3":0.8668060899,"4":0.850094676,"5":0.8398172259,"6":0.8322431445,"7":0.8264990449,"8":0.8211192489,"9":0.8171784878,"10":0.8135461807,"11":0.8105888963,"12":0.807716608,"13":0.8051459789,"14":0.8025919199,"15":0.7997725606,"16":0.7968712449,"17":0.794585228,"18":0.7921511531,"19":0.7898700833,"20":0.7871223092,"21":0.7847744226,"22":0.7831659913,"23":0.7815955877,"24":0.7803449631,"25":0.7793057561,"26":0.7781915665,"27":0.7776076794,"28":0.7761297822,"29":0.7747731209,"30":0.7737565637,"31":0.7728453875,"32":0.7721716762,"33":0.7713827491,"34":0.7705404758,"35":0.7698934078,"36":0.7694903612,"37":0.7686864734,"38":0.7681975365,"39":0.7674677372,"40":0.7671371698,"41":0.766674459,"42":0.7663121223,"43":0.7658889294,"44":0.7655401826,"45":0.7650151849,"46":0.7649893761,"47":0.7643235922,"48":0.7641750574,"49":0.7635954618,"50":0.7634987831,"51":0.7630952597},"msle":{"0":0.1339911669,"1":0.1276696175,"2":0.1272438616,"3":0.1266798526,"4":0.1264880449,"5":0.1262865216,"6":0.1261600554,"7":0.126173377,"8":0.1259564906,"9":0.1258831173,"10":0.1256666631,"11":0.1254168451,"12":0.1252449453,"13":0.1252016872,"14":0.1251194328,"15":0.1250078678,"16":0.1248851046,"17":0.1247892901,"18":0.1247059032,"19":0.1245645434,"20":0.1244531944,"21":0.1242925301,"22":0.1241407394,"23":0.1239471212,"24":0.1238411143,"25":0.1236967593,"26":0.1235672534,"27":0.1235899404,"28":0.1234543324,"29":0.1233802885,"30":0.1232835203,"31":0.123163268,"32":0.1230853125,"33":0.1229449138,"34":0.1227859184,"35":0.1226724759,"36":0.1225894839,"37":0.1224657148,"38":0.1223763824,"39":0.122261025,"40":0.1222182363,"41":0.1221283972,"42":0.1220811531,"43":0.1220049113,"44":0.1219740137,"45":0.1218935996,"46":0.121860005,"47":0.1216567531,"48":0.1216471344,"49":0.1215283722,"50":0.1215154305,"51":0.1214751601},"val_loss":{"0":0.9344992638,"1":0.9096993804,"2":0.8872318268,"3":0.8672164679,"4":0.8528839946,"5":0.8455432653,"6":0.8418031931,"7":0.8341439962,"8":0.8328529596,"9":0.8263553977,"10":0.8230763078,"11":0.8207634687,"12":0.8187835217,"13":0.8169486523,"14":0.8142657876,"15":0.8126040101,"16":0.8089973927,"17":0.8085106015,"18":0.804069519,"19":0.8021467328,"20":0.7996150851,"21":0.7974687219,"22":0.796228528,"23":0.7961068749,"24":0.7940599322,"25":0.793422699,"26":0.7959721684,"27":0.7915157676,"28":0.7903200984,"29":0.7885403633,"30":0.7878296375,"31":0.7902005315,"32":0.7863776684,"33":0.7863400578,"34":0.7856356502,"35":0.7851834297,"36":0.7849216461,"37":0.7835215926,"38":0.7828074098,"39":0.7827044725,"40":0.7821181417,"41":0.7816262841,"42":0.7810769081,"43":0.7818049788,"44":0.7804563642,"45":0.7798312902,"46":0.7794203162,"47":0.7792710066,"48":0.7786806226,"49":0.7806423903,"50":0.7788085938,"51":0.7788559794},"val_msle":{"0":0.1291330457,"1":0.1278222501,"2":0.1275760084,"3":0.1271929145,"4":0.1269202679,"5":0.1268465221,"6":0.1271925867,"7":0.1265160143,"8":0.1271423399,"9":0.1261622012,"10":0.12578848,"11":0.1257743984,"12":0.1257773191,"13":0.1257152408,"14":0.1255715936,"15":0.1256990731,"16":0.1250324845,"17":0.1254236102,"18":0.1250451654,"19":0.1250244677,"20":0.1248581558,"21":0.124727115,"22":0.1248717457,"23":0.1246569306,"24":0.1242193133,"25":0.1241132468,"26":0.1245320812,"27":0.1241211295,"28":0.1238495037,"29":0.1233733594,"30":0.1236381084,"31":0.1245519891,"32":0.1234381795,"33":0.1236141324,"34":0.1238223314,"35":0.1231790856,"36":0.1230889037,"37":0.1229534447,"38":0.1227463186,"39":0.1227913126,"40":0.1221935228,"41":0.1229105219,"42":0.1225147173,"43":0.1224486902,"44":0.1223136857,"45":0.1220620275,"46":0.1217875406,"47":0.1224348024,"48":0.1218890697,"49":0.1224265546,"50":0.1221103892,"51":0.121964775}}