{"loss":{"0":0.1737540066,"1":0.168948561,"2":0.1677791923,"3":0.1674109399,"4":0.167237252,"5":0.1670950353,"6":0.1669970304,"7":0.166937381,"8":0.1668857932,"9":0.1668139845,"10":0.1667693257,"11":0.1667462587,"12":0.166729942,"13":0.166705057,"14":0.1666766554,"15":0.1666513383,"16":0.1666322649,"17":0.1666177809,"18":0.1666076928,"19":0.1666001379,"20":0.1665946841,"21":0.166588977,"22":0.1664348841,"23":0.1660787761,"24":0.1657087505,"25":0.1656440645,"26":0.1656058133,"27":0.1655979902,"28":0.1655956805,"29":0.1655911803,"30":0.1655782014,"31":0.1655656397,"32":0.1655589789,"33":0.1655525565,"34":0.1655412912,"35":0.1655178666,"36":0.1654840857,"37":0.1654502004,"38":0.1654222012,"39":0.1653990448,"40":0.1653594673,"41":0.1652650535,"42":0.1651992351,"43":0.1651707441,"44":0.1651563197,"45":0.1651478708,"46":0.1651408225,"47":0.1651367098,"48":0.1651335508,"49":0.1651279181,"50":0.1651252806,"51":0.1651232243,"52":0.165119797,"53":0.1651171148,"54":0.1651164591,"55":0.165112406,"56":0.1651123613,"57":0.1651089489,"58":0.16510728,"59":0.1651077569},"mse":{"0":1.0250022411,"1":1.0250912905,"2":1.0189073086,"3":1.0173356533,"4":1.017087698,"5":1.0168595314,"6":1.016587019,"7":1.0163757801,"8":1.0162446499,"9":1.0160809755,"10":1.0159279108,"11":1.0158548355,"12":1.0157800913,"13":1.0156718493,"14":1.0155421495,"15":1.0154474974,"16":1.0153536797,"17":1.0153046846,"18":1.0152437687,"19":1.015232563,"20":1.0151771307,"21":1.015173912,"22":1.0143128633,"23":1.0123677254,"24":1.0105810165,"25":1.0103729963,"26":1.0102565289,"27":1.0102515221,"28":1.0102494955,"29":1.0102192163,"30":1.0101792812,"31":1.0100955963,"32":1.0100567341,"33":1.0100091696,"34":1.0099612474,"35":1.0098243952,"36":1.0096459389,"37":1.0094403028,"38":1.0092945099,"39":1.009190321,"40":1.0090099573,"41":1.0085494518,"42":1.0082329512,"43":1.0081101656,"44":1.00803864,"45":1.0079972744,"46":1.0079767704,"47":1.0079437494,"48":1.0079504251,"49":1.0079342127,"50":1.0079094172,"51":1.0079144239,"52":1.0078948736,"53":1.0078952312,"54":1.0078860521,"55":1.0078928471,"56":1.0078766346,"57":1.0078777075,"58":1.0078754425,"59":1.007850647},"val_loss":{"0":0.1697829366,"1":0.1682855189,"2":0.1676075011,"3":0.1674278527,"4":0.1672635525,"5":0.1671467721,"6":0.1670683622,"7":0.1670248955,"8":0.1669579744,"9":0.1668913811,"10":0.166865319,"11":0.1668440998,"12":0.1668339074,"13":0.1667958349,"14":0.1667712182,"15":0.1667506248,"16":0.1667342186,"17":0.166723758,"18":0.1667059362,"19":0.1667063236,"20":0.1667008847,"21":0.16669406,"22":0.1663069427,"23":0.1658911556,"24":0.1657785028,"25":0.1657241732,"26":0.165702343,"27":0.1657009274,"28":0.1656974852,"29":0.1656861007,"30":0.1656757295,"31":0.1656640321,"32":0.1656668484,"33":0.1656509936,"34":0.1656364501,"35":0.1656057984,"36":0.1655652523,"37":0.1655459106,"38":0.1655181348,"39":0.1654981524,"40":0.1654251367,"41":0.1653327048,"42":0.1652899534,"43":0.1652757376,"44":0.1652598083,"45":0.1652534455,"46":0.1652511358,"47":0.1652423441,"48":0.1652484685,"49":0.1652330756,"50":0.1652329415,"51":0.1652286649,"52":0.165233016,"53":0.1652351618,"54":0.1652243733,"55":0.1652220488,"56":0.1652133912,"57":0.1652155221,"58":0.165216893,"59":0.1652176231},"val_mse":{"0":1.0284273624,"1":1.021275878,"2":1.0179724693,"3":1.0177388191,"4":1.017323494,"5":1.0171091557,"6":1.0167628527,"7":1.0168344975,"8":1.0165675879,"9":1.0162183046,"10":1.0159823895,"11":1.0161020756,"12":1.0162438154,"13":1.015797019,"14":1.0159622431,"15":1.0157680511,"16":1.0160373449,"17":1.015540123,"18":1.0156291723,"19":1.0151358843,"20":1.0151144266,"21":1.0151566267,"22":1.0131912231,"23":1.0112006664,"24":1.0106549263,"25":1.0107970238,"26":1.0103065968,"27":1.0106985569,"28":1.0107108355,"29":1.0103750229,"30":1.0103219748,"31":1.0104250908,"32":1.0100944042,"33":1.0103547573,"34":1.0101954937,"35":1.0102374554,"36":1.0096867085,"37":1.0097954273,"38":1.0094143152,"39":1.0092175007,"40":1.0089119673,"41":1.0083042383,"42":1.0083301067,"43":1.0083252192,"44":1.0080597401,"45":1.0081173182,"46":1.0083041191,"47":1.0083525181,"48":1.007945776,"49":1.0080341101,"50":1.0082091093,"51":1.0082361698,"52":1.0081957579,"53":1.0077877045,"54":1.0082168579,"55":1.0079997778,"56":1.0081161261,"57":1.0083210468,"58":1.0081163645,"59":1.0079872608}}