{"loss":{"0":1.0008738041,"1":0.9971028566,"2":0.9899557233,"3":0.9869715571,"4":0.9860793948,"5":0.9859336615,"6":0.9858599901,"7":0.9858238101,"8":0.985804379,"9":0.9857951403,"10":0.9857889414,"11":0.985783875,"12":0.9857777357,"13":0.9857761264,"14":0.9857723117,"15":0.9845247269,"16":0.9837914705,"17":0.983777523,"18":0.983774066,"19":0.9837712049,"20":0.9837694168},"msle":{"0":0.1922495663,"1":0.1913215965,"2":0.1882514358,"3":0.1870874614,"4":0.1868405342,"5":0.1867803633,"6":0.1867619008,"7":0.1867540032,"8":0.1867591441,"9":0.1867590547,"10":0.1867584288,"11":0.1867778897,"12":0.1867637634,"13":0.1867869645,"14":0.1867884248,"15":0.1861319244,"16":0.1857777536,"17":0.1857550889,"18":0.1857539713,"19":0.185755074,"20":0.1857530028},"val_loss":{"0":0.999663949,"1":0.9947331548,"2":0.9883617163,"3":0.9865090251,"4":0.9862372279,"5":0.9861467481,"6":0.9860979319,"7":0.9860744476,"8":0.9860698581,"9":0.9860631227,"10":0.9860687256,"11":0.9860633016,"12":0.986061573,"13":0.9860647917,"14":0.9860652089,"15":0.9841501117,"16":0.9841305614,"17":0.9841262102,"18":0.9841265678,"19":0.9841322899,"20":0.984128654},"val_msle":{"0":0.1926735491,"1":0.1899327338,"2":0.1876606196,"3":0.1870232522,"4":0.1869316399,"5":0.1869008839,"6":0.1868843138,"7":0.1868779808,"8":0.1868891418,"9":0.186886549,"10":0.1869014055,"11":0.1869081408,"12":0.1869110167,"13":0.186925903,"14":0.1869412959,"15":0.1859542578,"16":0.1859226227,"17":0.1859088093,"18":0.1859282255,"19":0.1859278381,"20":0.1859281212}}