{"loss":{"0":0.9893009663,"1":0.9669302702,"2":0.9522773623,"3":0.9460074902,"4":0.9420944452,"5":0.9402088523,"6":0.9391437769,"7":0.9374385476,"8":0.9357727766,"9":0.9352968931,"10":0.9347146153,"11":0.9333913326,"12":0.9328652024,"13":0.9325725436,"14":0.9323112965,"15":0.9319779873,"16":0.9306001067,"17":0.9290815592,"18":0.9283397198,"19":0.9276685715,"20":0.9270742536,"21":0.9265217781,"22":0.9259828329,"23":0.9255588651,"24":0.9252379537,"25":0.9249632359,"26":0.9246234298,"27":0.9242209792,"28":0.9238269329,"29":0.923335433,"30":0.9227715135,"31":0.922390461,"32":0.9221124649,"33":0.9219334126,"34":0.9217659831,"35":0.9216285944,"36":0.9215112925,"37":0.9213992953,"38":0.9212957025,"39":0.9212158918,"40":0.9211432338,"41":0.9210466743,"42":0.9209716916,"43":0.9208819866,"44":0.9208184481,"45":0.9207838178,"46":0.9207314849,"47":0.920676887,"48":0.920646131,"49":0.920620501,"50":0.9205707312,"51":0.920558989,"52":0.9204978347,"53":0.920483768,"54":0.9204424024,"55":0.9204216599,"56":0.920394659,"57":0.9203816056,"58":0.920386076,"59":0.9203321338,"60":0.9203373194,"61":0.9203224182},"msle":{"0":0.1535238624,"1":0.147578761,"2":0.1446665823,"3":0.1434155256,"4":0.1427298635,"5":0.1423777789,"6":0.1421813965,"7":0.1418024898,"8":0.1415135264,"9":0.1414470673,"10":0.1413431466,"11":0.1411882192,"12":0.1411618739,"13":0.1411452889,"14":0.1411512792,"15":0.1411553919,"16":0.1409074366,"17":0.1406544149,"18":0.140675813,"19":0.1407075375,"20":0.1406805515,"21":0.1406281292,"22":0.1405924857,"23":0.1405481547,"24":0.1405151933,"25":0.140489608,"26":0.1404326707,"27":0.1403554827,"28":0.1402920783,"29":0.1402481198,"30":0.1402090639,"31":0.1401466429,"32":0.1401250809,"33":0.1401049793,"34":0.1400722712,"35":0.1400738508,"36":0.1400425732,"37":0.1400274783,"38":0.1400316507,"39":0.140017122,"40":0.1400067806,"41":0.1399955601,"42":0.1399762034,"43":0.1399665624,"44":0.1399463415,"45":0.139965415,"46":0.1399510652,"47":0.1399435699,"48":0.1399420053,"49":0.139954403,"50":0.139946118,"51":0.1399609894,"52":0.1399312615,"53":0.1399604976,"54":0.139949441,"55":0.1399468333,"56":0.1399512589,"57":0.1399636269,"58":0.1399643719,"59":0.1399524212,"60":0.1399554759,"61":0.1399492621},"val_loss":{"0":0.9787484407,"1":0.9594945312,"2":0.951058507,"3":0.946541965,"4":0.943713963,"5":0.9424831867,"6":0.9415899515,"7":0.9390610456,"8":0.9384276867,"9":0.9381092191,"10":0.9370943904,"11":0.9360049963,"12":0.9357737899,"13":0.935606122,"14":0.9352498055,"15":0.9348345399,"16":0.9325445294,"17":0.9317942858,"18":0.9310429692,"19":0.9304754138,"20":0.92997998,"21":0.9294474721,"22":0.9289261103,"23":0.9285631776,"24":0.9284546375,"25":0.9280989766,"26":0.9278570414,"27":0.9276660085,"28":0.9270461798,"29":0.9265249372,"30":0.926020503,"31":0.9258107543,"32":0.9256772399,"33":0.9254786372,"34":0.9252520204,"35":0.925311923,"36":0.9250741601,"37":0.9250065684,"38":0.9250918627,"39":0.9250180721,"40":0.9248406887,"41":0.9247477055,"42":0.9247116446,"43":0.9245850444,"44":0.9246991873,"45":0.9245889187,"46":0.9244962335,"47":0.9244938493,"48":0.9244716763,"49":0.9244511127,"50":0.9244544506,"51":0.9246021509,"52":0.9243481755,"53":0.9245137572,"54":0.9244534373,"55":0.9243265986,"56":0.9242776036,"57":0.9243280888,"58":0.9241974354,"59":0.9242570996,"60":0.9242827296,"61":0.9242088795},"val_msle":{"0":0.1497084498,"1":0.14574112,"2":0.143974185,"3":0.1431566775,"4":0.1426751316,"5":0.1423947811,"6":0.1422407478,"7":0.1416524351,"8":0.1416214705,"9":0.1414905041,"10":0.141397208,"11":0.141293779,"12":0.1413546354,"13":0.1413024366,"14":0.1411779672,"15":0.1412512213,"16":0.1408225149,"17":0.1406615227,"18":0.140978083,"19":0.1408760697,"20":0.1409047842,"21":0.1407458484,"22":0.1407202184,"23":0.1407230347,"24":0.1406967789,"25":0.1407035738,"26":0.1405542642,"27":0.1404234618,"28":0.1404129714,"29":0.1403353661,"30":0.1403671205,"31":0.140373081,"32":0.140416503,"33":0.1401445717,"34":0.1402227134,"35":0.1402984262,"36":0.1401619315,"37":0.1402373314,"38":0.1401790828,"39":0.1401850432,"40":0.1402519047,"41":0.1401242465,"42":0.1401910931,"43":0.1400574446,"44":0.1401838362,"45":0.1401523054,"46":0.140059188,"47":0.1401947439,"48":0.1400265992,"49":0.1399990916,"50":0.1401632875,"51":0.1401805431,"52":0.1400686204,"53":0.140054673,"54":0.1400634348,"55":0.140070945,"56":0.140056476,"57":0.140057981,"58":0.1400727034,"59":0.1400873661,"60":0.1401560903,"61":0.1400575638}}