{"loss":{"0":0.9972726107,"1":0.976023078,"2":0.965180397,"3":0.9566803575,"4":0.9517935514,"5":0.9475651979,"6":0.9432348013,"7":0.9412679672,"8":0.9391497374,"9":0.937522471,"10":0.9365178943,"11":0.9358711243,"12":0.9353994131,"13":0.9350571036,"14":0.9347667694,"15":0.934431076,"16":0.9338247776,"17":0.9330153465,"18":0.9323040247,"19":0.9314829707,"20":0.9305178523,"21":0.9293633699,"22":0.928596139,"23":0.9282099009,"24":0.9279990792,"25":0.9278771877,"26":0.9277688265,"27":0.9276860356,"28":0.9276330471,"29":0.9275529385,"30":0.9275115728,"31":0.9274449944,"32":0.9273814559,"33":0.9272557497,"34":0.9266592264,"35":0.9256079197,"36":0.9251620173,"37":0.9249652028,"38":0.9248569012,"39":0.9247778058,"40":0.9247005582,"41":0.9246390462,"42":0.9245845675,"43":0.9245324731,"44":0.924433291,"45":0.9243516326,"46":0.9242654443,"47":0.9242104292,"48":0.9241533875,"49":0.9240982533,"50":0.9240610003,"51":0.9239976406,"52":0.9239311814,"53":0.9238775373,"54":0.92383039,"55":0.9237382412,"56":0.923627913,"57":0.923511982,"58":0.9234315753,"59":0.9233176112,"60":0.9232301116,"61":0.923153758,"62":0.9231061339,"63":0.9230359793,"64":0.9230023026,"65":0.9229655862},"msle":{"0":0.1560300738,"1":0.1504122764,"2":0.1476359516,"3":0.1459145695,"4":0.1448727995,"5":0.1439612508,"6":0.1432051957,"7":0.1429076791,"8":0.142760396,"9":0.142500937,"10":0.1423111707,"11":0.1421812326,"12":0.1420748085,"13":0.1420305967,"14":0.1420007646,"15":0.1419743448,"16":0.141932264,"17":0.1418503672,"18":0.1418330073,"19":0.141740039,"20":0.1416258216,"21":0.1415165365,"22":0.14139916,"23":0.1413169503,"24":0.1412929296,"25":0.14126046,"26":0.1412446201,"27":0.141263932,"28":0.1412666291,"29":0.1412560642,"30":0.1412369311,"31":0.1412270516,"32":0.141230762,"33":0.141186282,"34":0.1410564184,"35":0.1409074217,"36":0.1408814937,"37":0.1408588886,"38":0.1408521533,"39":0.1408295631,"40":0.140825659,"41":0.1408103704,"42":0.1408094466,"43":0.1408209205,"44":0.1408210546,"45":0.1408195049,"46":0.14081043,"47":0.1408143491,"48":0.140815556,"49":0.1408153474,"50":0.1408103257,"51":0.1408313215,"52":0.1408222616,"53":0.1408179104,"54":0.1408338994,"55":0.140835166,"56":0.1408329308,"57":0.1408146471,"58":0.1408127099,"59":0.1408168525,"60":0.1407991946,"61":0.1407898813,"62":0.1408002079,"63":0.1407871097,"64":0.1407874674,"65":0.140780732},"max_pool_mse":{"0":5.3954262733,"1":5.0755901337,"2":4.9268836975,"3":4.818816185,"4":4.7570505142,"5":4.7050738335,"6":4.6608219147,"7":4.6456880569,"8":4.6344823837,"9":4.6220607758,"10":4.6156187057,"11":4.6118140221,"12":4.6082491875,"13":4.6069383621,"14":4.6038222313,"15":4.6012654305,"16":4.5927047729,"17":4.5824322701,"18":4.5780272484,"19":4.5725059509,"20":4.5666203499,"21":4.5600094795,"22":4.5505242348,"23":4.5477404594,"24":4.5461874008,"25":4.545484066,"26":4.5444140434,"27":4.5454745293,"28":4.5445184708,"29":4.5444812775,"30":4.5422654152,"31":4.5435490608,"32":4.5425963402,"33":4.5413613319,"34":4.5372018814,"35":4.5333924294,"36":4.5314059258,"37":4.5303053856,"38":4.5293178558,"39":4.5293483734,"40":4.5284304619,"41":4.5269179344,"42":4.5282421112,"43":4.5273284912,"44":4.5274796486,"45":4.5269837379,"46":4.527841568,"47":4.5281701088,"48":4.5289340019,"49":4.5297765732,"50":4.5292105675,"51":4.5307512283,"52":4.5313510895,"53":4.5308003426,"54":4.5331954956,"55":4.5337138176,"56":4.5351552963,"57":4.5346603394,"58":4.5360460281,"59":4.5361528397,"60":4.536550045,"61":4.5360937119,"62":4.5360302925,"63":4.5349669456,"64":4.5360612869,"65":4.5346536636},"val_loss":{"0":0.9799468517,"1":0.9626584649,"2":0.9546171427,"3":0.9476079941,"4":0.9439836144,"5":0.9385846257,"6":0.9367130995,"7":0.934838593,"8":0.933005631,"9":0.9318874478,"10":0.9311934114,"11":0.9306783676,"12":0.9303261042,"13":0.9300785661,"14":0.9298631549,"15":0.929428637,"16":0.9286976457,"17":0.9279455543,"18":0.9272994399,"19":0.9262770414,"20":0.9252842665,"21":0.9242267609,"22":0.9237357378,"23":0.923453331,"24":0.9234160185,"25":0.9231841564,"26":0.9231595397,"27":0.9231215715,"28":0.9229275584,"29":0.9228838086,"30":0.9228391051,"31":0.9227237701,"32":0.9226939082,"33":0.9224681854,"34":0.9213697314,"35":0.920589447,"36":0.9204472899,"37":0.920137167,"38":0.9200094342,"39":0.9198396802,"40":0.9197798967,"41":0.9196453094,"42":0.9196408391,"43":0.9195267558,"44":0.9194613695,"45":0.919372499,"46":0.9192837477,"47":0.9192396402,"48":0.9191554785,"49":0.9190565348,"50":0.9189989567,"51":0.9189343452,"52":0.9189376831,"53":0.9187787771,"54":0.9188521504,"55":0.9186627865,"56":0.9187012911,"57":0.9184430838,"58":0.9182839394,"59":0.918346405,"60":0.9181874394,"61":0.9182037711,"62":0.9180220366,"63":0.9181271195,"64":0.9181069136,"65":0.918068707},"val_msle":{"0":0.1526104361,"1":0.1484992802,"2":0.1462708116,"3":0.1450887918,"4":0.144191727,"5":0.1432538182,"6":0.1427226961,"7":0.1426759213,"8":0.1424476206,"9":0.1422341615,"10":0.1419827342,"11":0.1419011503,"12":0.1419117749,"13":0.1418153793,"14":0.1418279111,"15":0.1417582631,"16":0.1416451931,"17":0.1415898353,"18":0.1417060792,"19":0.141487509,"20":0.141379267,"21":0.1412168294,"22":0.1411086321,"23":0.1411281824,"24":0.1410482824,"25":0.140997678,"26":0.1409521401,"27":0.1411158741,"28":0.1410455704,"29":0.1410274208,"30":0.1409967095,"31":0.1409490407,"32":0.1409866959,"33":0.1409832239,"34":0.1406940967,"35":0.1406597048,"36":0.1405479759,"37":0.1406664401,"38":0.1405902207,"39":0.1406022608,"40":0.1405849606,"41":0.1405359209,"42":0.1406520754,"43":0.1405501366,"44":0.1405259669,"45":0.1405642331,"46":0.1406533271,"47":0.1405909359,"48":0.1406569928,"49":0.1405684054,"50":0.1405784041,"51":0.1405405849,"52":0.1406606734,"53":0.1405670196,"54":0.1405932456,"55":0.1407074928,"56":0.1407436877,"57":0.1404779851,"58":0.1406446397,"59":0.1406640559,"60":0.1405777633,"61":0.1404382139,"62":0.1405482739,"63":0.1406354457,"64":0.1406787783,"65":0.1405044496},"val_max_pool_mse":{"0":5.1699523926,"1":4.917787075,"2":4.7866168022,"3":4.7203583717,"4":4.6737270355,"5":4.6216387749,"6":4.5857758522,"7":4.5920615196,"8":4.5771594048,"9":4.5748624802,"10":4.5598049164,"11":4.5647778511,"12":4.5709705353,"13":4.5575871468,"14":4.5622582436,"15":4.55636549,"16":4.5459523201,"17":4.5371623039,"18":4.5463542938,"19":4.536221981,"20":4.5273208618,"21":4.5142831802,"22":4.5187492371,"23":4.5157513618,"24":4.5117063522,"25":4.5017738342,"26":4.4978556633,"27":4.5198531151,"28":4.5112571716,"29":4.5026102066,"30":4.5103149414,"31":4.5025706291,"32":4.5126986504,"33":4.5084171295,"34":4.495013237,"35":4.4943346977,"36":4.4759473801,"37":4.4971551895,"38":4.4984955788,"39":4.4917812347,"40":4.4878950119,"41":4.4883446693,"42":4.493765831,"43":4.4922742844,"44":4.4774365425,"45":4.4932336807,"46":4.5011806488,"47":4.4889879227,"48":4.4913978577,"49":4.492017746,"50":4.4840526581,"51":4.4811663628,"52":4.5008363724,"53":4.4868526459,"54":4.4892506599,"55":4.5036892891,"56":4.5115947723,"57":4.4824376106,"58":4.4973015785,"59":4.5038700104,"60":4.5010113716,"61":4.477107048,"62":4.4973163605,"63":4.5035872459,"64":4.5056028366,"65":4.485326767}}