{"loss":{"0":0.9856023788,"1":0.9692964554,"2":0.9646551609,"3":0.9623118639,"4":0.9610329866,"5":0.9601948857,"6":0.959569037,"7":0.9590678215,"8":0.9585704207,"9":0.9581576586,"10":0.9578015208,"11":0.957477808,"12":0.9571790695,"13":0.9569073915,"14":0.9566401243,"15":0.9563763738},"msle":{"0":0.1482306868,"1":0.1471985132,"2":0.1477253884,"3":0.1486446857,"4":0.1495293677,"5":0.1502819359,"6":0.1506367326,"7":0.1510801911,"8":0.1512362957,"9":0.1514719427,"10":0.1516125649,"11":0.151806891,"12":0.1519949138,"13":0.1520475,"14":0.152209729,"15":0.1522940695},"val_loss":{"0":0.9816752076,"1":0.9770308137,"2":0.9748687744,"3":0.9739949703,"4":0.9735170603,"5":0.9733758569,"6":0.9731855989,"7":0.9732508063,"8":0.9730328918,"9":0.97298944,"10":0.9729582071,"11":0.9730097055,"12":0.9729415178,"13":0.9731128812,"14":0.9729818702,"15":0.9731160402},"val_msle":{"0":0.1528879702,"1":0.1500029117,"2":0.151231885,"3":0.1525016427,"4":0.1539279968,"5":0.1546624303,"6":0.1551789641,"7":0.1552653611,"8":0.1560321152,"9":0.1562372297,"10":0.1567461938,"11":0.1567469537,"12":0.1570351124,"13":0.1568136066,"14":0.1572357118,"15":0.1570997387}}