{"loss":{"0":0.9924256206,"1":0.978510797,"2":0.9655264616,"3":0.955868125,"4":0.9510484338,"5":0.9473873973,"6":0.9432746172,"7":0.9404231906,"8":0.9388757944,"9":0.9382707477,"10":0.9378867149,"11":0.9376285076,"12":0.9374213219,"13":0.9372273684,"14":0.9370768666,"15":0.9369027019,"16":0.9365833402,"17":0.9348270297,"18":0.9338934422,"19":0.933739543,"20":0.9336186051,"21":0.9335207939,"22":0.9334568977,"23":0.9333865643,"24":0.9333247542,"25":0.9332755804,"26":0.9332241416,"27":0.9331369996,"28":0.9328567982,"29":0.9320290089,"30":0.9314803481,"31":0.9311813712,"32":0.931013763,"33":0.9308776855,"34":0.9307656288,"35":0.9306614399,"36":0.9306077361,"37":0.9305295348,"38":0.9305260181,"39":0.9304664731,"40":0.9304343462,"41":0.9304130077,"42":0.9303842187,"43":0.9303714037,"44":0.9303551912,"45":0.9303401709,"46":0.9303228259,"47":0.930314064,"48":0.9303051829,"49":0.9302816987,"50":0.9302623272,"51":0.9302646518,"52":0.9302448034,"53":0.9302474856,"54":0.9302305579,"55":0.9302263856,"56":0.9302173853,"57":0.9302157164,"58":0.9301815033,"59":0.9301888943,"60":0.9301674962,"61":0.9301744103,"62":0.9301584959,"63":0.9301505089,"64":0.9301363826,"65":0.9301207662,"66":0.9301345944,"67":0.9300985336,"68":0.9301154613},"msle":{"0":0.1555850059,"1":0.1522523761,"2":0.1492987275,"3":0.1476893872,"4":0.1469782889,"5":0.1461427957,"6":0.1454291642,"7":0.1451565623,"8":0.1449621618,"9":0.1448524892,"10":0.1447872967,"11":0.1447562426,"12":0.144733876,"13":0.1446863711,"14":0.1446784884,"15":0.1446367651,"16":0.1446060091,"17":0.1442938447,"18":0.1440916657,"19":0.1440768838,"20":0.144052431,"21":0.1440351307,"22":0.1440280229,"23":0.1440203339,"24":0.1440175027,"25":0.1440210789,"26":0.1440185905,"27":0.1440089196,"28":0.1439944208,"29":0.1439415962,"30":0.1438966393,"31":0.1438366473,"32":0.1438213885,"33":0.1437932849,"34":0.1437839419,"35":0.1437737197,"36":0.1437661648,"37":0.1437579095,"38":0.1437709779,"39":0.1437560916,"40":0.1437536478,"41":0.1437533796,"42":0.1437585056,"43":0.1437482983,"44":0.1437437981,"45":0.1437481493,"46":0.1437392235,"47":0.1437424272,"48":0.1437433809,"49":0.1437350214,"50":0.1437377483,"51":0.1437347531,"52":0.1437335759,"53":0.1437316984,"54":0.143729046,"55":0.143727228,"56":0.143730998,"57":0.1437355578,"58":0.1437231004,"59":0.1437385678,"60":0.143725723,"61":0.1437324733,"62":0.1437245309,"63":0.1437353194,"64":0.1437282413,"65":0.1437279582,"66":0.1437300444,"67":0.1437300295,"68":0.1437294483},"val_loss":{"0":0.9930945039,"1":0.9800000191,"2":0.9678446054,"3":0.9615865946,"4":0.9584550261,"5":0.9540926218,"6":0.9507900476,"7":0.9484097958,"8":0.947525084,"9":0.9470489025,"10":0.9467417002,"11":0.9465011358,"12":0.9463869929,"13":0.9461907148,"14":0.9460039735,"15":0.9458293915,"16":0.9455498457,"17":0.942940712,"18":0.9426681995,"19":0.9424917698,"20":0.9424220324,"21":0.9423034787,"22":0.9422959089,"23":0.9421651959,"24":0.942122221,"25":0.942094326,"26":0.942042172,"27":0.9419301152,"28":0.9413688183,"29":0.9405297041,"30":0.9402062893,"31":0.9399853945,"32":0.9398348927,"33":0.9397343397,"34":0.9396172762,"35":0.9396341443,"36":0.9395001531,"37":0.9400522113,"38":0.9394315481,"39":0.939437747,"40":0.9393540621,"41":0.9393828511,"42":0.9393108487,"43":0.9393204451,"44":0.9393293262,"45":0.9393025041,"46":0.9392915964,"47":0.9393079281,"48":0.9392313361,"49":0.9392510653,"50":0.9392748475,"51":0.9392061234,"52":0.939342618,"53":0.9392604828,"54":0.9391905069,"55":0.9392142892,"56":0.9391865134,"57":0.9392107725,"58":0.9391617179,"59":0.9392027855,"60":0.9392219186,"61":0.9391335249,"62":0.9391254783,"63":0.9391444921,"64":0.9393440485,"65":0.9391050339,"66":0.9391232729,"67":0.9391984344,"68":0.9391189218},"val_msle":{"0":0.1539815813,"1":0.1512806565,"2":0.148530513,"3":0.1478208303,"4":0.1471842974,"5":0.1460916847,"6":0.1457032263,"7":0.1455390304,"8":0.1453974992,"9":0.14526847,"10":0.1451791078,"11":0.1451862007,"12":0.1452172995,"13":0.1451638788,"14":0.1450497657,"15":0.1451830119,"16":0.1451692581,"17":0.1446278244,"18":0.1445792019,"19":0.1445468217,"20":0.1445104629,"21":0.1444843262,"22":0.1445063204,"23":0.1444517374,"24":0.1445026249,"25":0.1444839239,"26":0.1444694102,"27":0.1444880068,"28":0.1444538981,"29":0.1443881392,"30":0.1443440467,"31":0.1442548484,"32":0.1443199962,"33":0.1442652494,"34":0.1442289799,"35":0.1442649513,"36":0.1441941112,"37":0.144218415,"38":0.1442132741,"39":0.1442461312,"40":0.1441774666,"41":0.1442952007,"42":0.1441705227,"43":0.144163236,"44":0.1442143321,"45":0.1442278028,"46":0.1442244649,"47":0.1442053765,"48":0.1441961527,"49":0.1442192346,"50":0.1441526115,"51":0.1441706121,"52":0.1441815645,"53":0.14420636,"54":0.1441691965,"55":0.1442375332,"56":0.1441645473,"57":0.1441853791,"58":0.1441745311,"59":0.1441707611,"60":0.1442432255,"61":0.14416565,"62":0.1441802979,"63":0.144175157,"64":0.1442877203,"65":0.1441980153,"66":0.1441843957,"67":0.1440996379,"68":0.1442181468}}