{"loss":{"0":3.7373766899,"1":3.6495478153,"2":3.6357624531,"3":3.629783392,"4":3.6267249584,"5":3.6231732368,"6":3.6212146282,"7":3.6197707653,"8":3.6177110672,"9":3.6159996986,"10":3.6148564816,"11":3.6137747765,"12":3.6117179394,"13":3.609852314,"14":3.6086335182,"15":3.6079025269,"16":3.6072647572,"17":3.6066896915,"18":3.6051933765,"19":3.6031022072,"20":3.6019365788,"21":3.6013326645,"22":3.6008415222,"23":3.6000986099,"24":3.5992786884,"25":3.5984752178,"26":3.597723484,"27":3.5970673561,"28":3.5966022015,"29":3.5961253643,"30":3.5957374573,"31":3.5954632759,"32":3.5951344967,"33":3.5948085785,"34":3.5945260525,"35":3.5942769051,"36":3.5939948559,"37":3.5937728882,"38":3.5935316086,"39":3.5932915211,"40":3.5930147171,"41":3.5927951336,"42":3.5926668644,"43":3.5923688412,"44":3.5921986103,"45":3.5919997692,"46":3.5918192863,"47":3.5915825367,"48":3.5913674831,"49":3.5912129879,"50":3.5909090042,"51":3.5906751156,"52":3.5904555321,"53":3.5902070999,"54":3.590051651,"55":3.5898461342,"56":3.589651823,"57":3.5894343853,"58":3.5892121792,"59":3.5891215801,"60":3.5889194012,"61":3.5887775421,"62":3.5886297226,"63":3.5885183811},"msle":{"0":0.2319168895,"1":0.1889752001,"2":0.1824014336,"3":0.1809999496,"4":0.1797896773,"5":0.1789848953,"6":0.1786426157,"7":0.1777099818,"8":0.1773644537,"9":0.1774330288,"10":0.177352801,"11":0.177009359,"12":0.1768978685,"13":0.1768259555,"14":0.1771224439,"15":0.1774144769,"16":0.1774421334,"17":0.1775562018,"18":0.1774999499,"19":0.1770687252,"20":0.1768441349,"21":0.17688182,"22":0.1770407408,"23":0.1769501269,"24":0.1771081388,"25":0.1767117828,"26":0.1768479794,"27":0.1771804392,"28":0.1774153709,"29":0.1774212122,"30":0.1775480211,"31":0.1775710434,"32":0.1774924546,"33":0.1775258929,"34":0.1774980575,"35":0.1775278002,"36":0.1774980873,"37":0.1774945408,"38":0.177526176,"39":0.1775489748,"40":0.1776811182,"41":0.1776691973,"42":0.1777525693,"43":0.1778121293,"44":0.1778173745,"45":0.1778218895,"46":0.1778695732,"47":0.1779036671,"48":0.1778291911,"49":0.1778154671,"50":0.177882418,"51":0.1778578311,"52":0.1778557003,"53":0.1779369116,"54":0.1778659075,"55":0.1778032184,"56":0.177740097,"57":0.1776774675,"58":0.1776155978,"59":0.1776053011,"60":0.1775449961,"61":0.1776238084,"62":0.177543968,"63":0.1775478274},"mse":{"0":1.3731161356,"1":1.1391643286,"2":1.104981184,"3":1.0977857113,"4":1.092114687,"5":1.0876663923,"6":1.0855884552,"7":1.0807310343,"8":1.0778833628,"9":1.0772714615,"10":1.0763593912,"11":1.0749337673,"12":1.0742746592,"13":1.0739564896,"14":1.0747163296,"15":1.0758031607,"16":1.0759277344,"17":1.0762015581,"18":1.0758373737,"19":1.0741462708,"20":1.0734091997,"21":1.0736416578,"22":1.0744078159,"23":1.0742030144,"24":1.0747236013,"25":1.073389411,"26":1.073854208,"27":1.0750496387,"28":1.0758702755,"29":1.0758788586,"30":1.0763927698,"31":1.0764832497,"32":1.0761663914,"33":1.0762972832,"34":1.0762419701,"35":1.0764356852,"36":1.0762796402,"37":1.0762330294,"38":1.0764517784,"39":1.0763888359,"40":1.0768402815,"41":1.0767710209,"42":1.0771780014,"43":1.0773956776,"44":1.0773928165,"45":1.0773169994,"46":1.0774281025,"47":1.0774513483,"48":1.077229023,"49":1.077165246,"50":1.0772624016,"51":1.0772703886,"52":1.077239871,"53":1.0775703192,"54":1.0773248672,"55":1.0769824982,"56":1.0769097805,"57":1.0765867233,"58":1.0764299631,"59":1.0763194561,"60":1.0761677027,"61":1.0764451027,"62":1.0761013031,"63":1.076159358},"val_loss":{"0":3.6809029579,"1":3.6587417126,"2":3.6517863274,"3":3.6475799084,"4":3.6440076828,"5":3.6412670612,"6":3.6401078701,"7":3.6383838654,"8":3.6369047165,"9":3.6349003315,"10":3.6341865063,"11":3.6327116489,"12":3.6304934025,"13":3.6289093494,"14":3.6283662319,"15":3.6272792816,"16":3.6271288395,"17":3.6264464855,"18":3.6240699291,"19":3.6225142479,"20":3.621663332,"21":3.6211006641,"22":3.6205670834,"23":3.6199531555,"24":3.6189787388,"25":3.6181976795,"26":3.6174507141,"27":3.6169281006,"28":3.6163156033,"29":3.6159057617,"30":3.6156432629,"31":3.6154129505,"32":3.6151447296,"33":3.6152403355,"34":3.6148881912,"35":3.6143541336,"36":3.6143682003,"37":3.6139042377,"38":3.6138167381,"39":3.6134397984,"40":3.6131222248,"41":3.6130115986,"42":3.6129779816,"43":3.6130897999,"44":3.6123878956,"45":3.6121551991,"46":3.612215519,"47":3.6120467186,"48":3.6117591858,"49":3.6112647057,"50":3.6111199856,"51":3.6108319759,"52":3.6106731892,"53":3.6104047298,"54":3.6102397442,"55":3.6099989414,"56":3.6098418236,"57":3.6096801758,"58":3.6095597744,"59":3.6090786457,"60":3.6088526249,"61":3.6088619232,"62":3.6089451313,"63":3.6089727879},"val_msle":{"0":0.1962977648,"1":0.1836975366,"2":0.1809123456,"3":0.1797264218,"4":0.1783080548,"5":0.1787147373,"6":0.1778450161,"7":0.1771950722,"8":0.1771657914,"9":0.1772015244,"10":0.176382944,"11":0.1763210148,"12":0.17654787,"13":0.1769943237,"14":0.1770322323,"15":0.1768199652,"16":0.1772957146,"17":0.1776549369,"18":0.1767579466,"19":0.1761931926,"20":0.1761066616,"21":0.1763722152,"22":0.1764332652,"23":0.1762675494,"24":0.17611821,"25":0.1759492457,"26":0.1764504164,"27":0.176991567,"28":0.1770361513,"29":0.1770396829,"30":0.1775349975,"31":0.1767835319,"32":0.1772745997,"33":0.1768839955,"34":0.1769250631,"35":0.1769381464,"36":0.1770652086,"37":0.1771155596,"38":0.1770471036,"39":0.1772836745,"40":0.1773758829,"41":0.177045688,"42":0.1776199788,"43":0.1769110262,"44":0.1772366762,"45":0.1773786843,"46":0.1772475094,"47":0.1776949763,"48":0.1773674935,"49":0.1776484251,"50":0.1774044931,"51":0.1775491834,"52":0.1777318716,"53":0.177630797,"54":0.177189678,"55":0.1770445108,"56":0.1770703644,"57":0.1768744886,"58":0.177298069,"59":0.176917389,"60":0.1769104749,"61":0.1773023307,"62":0.1775180101,"63":0.1766702831},"val_mse":{"0":1.1881365776,"1":1.1158219576,"2":1.1010873318,"3":1.0958451033,"4":1.0883722305,"5":1.0897513628,"6":1.0852595568,"7":1.0813171864,"8":1.0802468061,"9":1.0790394545,"10":1.0760637522,"11":1.0757719278,"12":1.0761934519,"13":1.0778865814,"14":1.0776884556,"15":1.0769107342,"16":1.0785597563,"17":1.0803909302,"18":1.0761159658,"19":1.0741479397,"20":1.0741616488,"21":1.0752421618,"22":1.0756449699,"23":1.0748723745,"24":1.0742412806,"25":1.0736352205,"26":1.0755352974,"27":1.0774675608,"28":1.0775631666,"29":1.0776894093,"30":1.079480052,"31":1.0769445896,"32":1.0784829855,"33":1.0769737959,"34":1.0773664713,"35":1.0775495768,"36":1.0778673887,"37":1.0782619715,"38":1.0777230263,"39":1.0783416033,"40":1.0791295767,"41":1.0780251026,"42":1.0803570747,"43":1.0771603584,"44":1.078275919,"45":1.0791376829,"46":1.0782111883,"47":1.079739213,"48":1.0789414644,"49":1.0801278353,"50":1.0789257288,"51":1.0793300867,"52":1.080000639,"53":1.0797960758,"54":1.0783166885,"55":1.0775626898,"56":1.0776076317,"57":1.0767877102,"58":1.0783597231,"59":1.077023387,"60":1.0771261454,"61":1.078608036,"62":1.0795038939,"63":1.0760644674}}