{"loss":{"0":2.8483326435,"1":2.2678818703,"2":1.9208462238,"3":1.7154726982,"4":1.590803504,"5":1.5032809973,"6":1.4217864275,"7":1.3569233418,"8":1.3056051731,"9":1.2684384584,"10":1.2391107082,"11":1.2169258595,"12":1.1939992905,"13":1.1741533279,"14":1.157707572,"15":1.1436750889,"16":1.1304246187,"17":1.1167221069,"18":1.1035979986,"19":1.0901265144,"20":1.0762327909,"21":1.0660315752,"22":1.057783246,"23":1.0508214235,"24":1.0453521013,"25":1.0398910046,"26":1.0359989405,"27":1.031247735,"28":1.0261434317,"29":1.0217570066,"30":1.0172172785,"31":1.0142502785,"32":1.0088371038,"33":1.0058069229,"34":1.0024530888,"35":0.9993317723,"36":0.9961675406,"37":0.9942987561,"38":0.9913522005,"39":0.9896930456,"40":0.9871504307,"41":0.9844008684,"42":0.9811571836,"43":0.9789814949,"44":0.9765877724,"45":0.973423481,"46":0.9713240266,"47":0.968262136,"48":0.9660434127,"49":0.9636685848,"50":0.9605987668,"51":0.9611334205},"msle":{"0":0.2352398038,"1":0.2318192422,"2":0.2284837365,"3":0.2271842062,"4":0.2287438065,"5":0.2286105007,"6":0.2287304848,"7":0.2284073681,"8":0.2280104756,"9":0.2294671685,"10":0.2297836542,"11":0.2296722531,"12":0.2302706689,"13":0.2309383601,"14":0.2318249047,"15":0.231836319,"16":0.2314633876,"17":0.2312501967,"18":0.2312984765,"19":0.2313832939,"20":0.231566757,"21":0.2313845009,"22":0.2313683331,"23":0.2313808948,"24":0.2315998226,"25":0.2315657139,"26":0.2314726859,"27":0.231735006,"28":0.2317355871,"29":0.2321619838,"30":0.2324665487,"31":0.2325709909,"32":0.2328485399,"33":0.2328882217,"34":0.2328389436,"35":0.2328328192,"36":0.2330386341,"37":0.2330156267,"38":0.2334488034,"39":0.2337097228,"40":0.233730197,"41":0.2341788411,"42":0.2341805249,"43":0.2345373034,"44":0.2348646075,"45":0.2352083325,"46":0.2354590744,"47":0.2356314361,"48":0.2354896516,"49":0.2353416979,"50":0.2355441302,"51":0.2353547215},"mse":{"0":1.4440332651,"1":1.4376003742,"2":1.4449112415,"3":1.4530779123,"4":1.4735494852,"5":1.4836230278,"6":1.4936503172,"7":1.4989845753,"8":1.5020201206,"9":1.5144349337,"10":1.5215371847,"11":1.5243728161,"12":1.5303609371,"13":1.5372494459,"14":1.5470499992,"15":1.551558733,"16":1.5528582335,"17":1.5546075106,"18":1.5566546917,"19":1.5600515604,"20":1.5624085665,"21":1.5637874603,"22":1.5659426451,"23":1.5681872368,"24":1.5703188181,"25":1.571793437,"26":1.5724685192,"27":1.5758281946,"28":1.5771807432,"29":1.5805300474,"30":1.5833655596,"31":1.5849131346,"32":1.5879979134,"33":1.5890238285,"34":1.5901868343,"35":1.5917271376,"36":1.5933583975,"37":1.5945166349,"38":1.5970803499,"39":1.5990713835,"40":1.5995477438,"41":1.6032836437,"42":1.6038459539,"43":1.6063674688,"44":1.6083728075,"45":1.610221982,"46":1.6125735044,"47":1.6142739058,"48":1.613904357,"49":1.614012599,"50":1.6159541607,"51":1.6148862839},"val_loss":{"0":2.5083072186,"1":2.1017169952,"2":1.8138204813,"3":1.6686102152,"4":1.5802861452,"5":1.50436306,"6":1.4309390783,"7":1.3875111341,"8":1.3415858746,"9":1.3041098118,"10":1.2824795246,"11":1.252784729,"12":1.2337744236,"13":1.2174710035,"14":1.2028611898,"15":1.1918637753,"16":1.1760690212,"17":1.1723724604,"18":1.1464474201,"19":1.1352777481,"20":1.1238231659,"21":1.1077176332,"22":1.1047338247,"23":1.0942049026,"24":1.0931444168,"25":1.0915967226,"26":1.0812398195,"27":1.0832242966,"28":1.07528615,"29":1.0651355982,"30":1.0649330616,"31":1.0598493814,"32":1.0572550297,"33":1.0539987087,"34":1.0496387482,"35":1.0515933037,"36":1.0466421843,"37":1.0462357998,"38":1.0453028679,"39":1.0399852991,"40":1.0389733315,"41":1.0313777924,"42":1.0312259197,"43":1.0305535793,"44":1.024810195,"45":1.0247496367,"46":1.0223413706,"47":1.0248662233,"48":1.0155726671,"49":1.0172662735,"50":1.016043663,"51":1.0165268183},"val_msle":{"0":0.2328991294,"1":0.2299514413,"2":0.2264425904,"3":0.2268984467,"4":0.2289209366,"5":0.2264599502,"6":0.2286665142,"7":0.2277291417,"8":0.2272780389,"9":0.2292700112,"10":0.2291046232,"11":0.2301718742,"12":0.2301825434,"13":0.2317486554,"14":0.2320254147,"15":0.2299146205,"16":0.2300013006,"17":0.2304832339,"18":0.2316996306,"19":0.2311216146,"20":0.2320926636,"21":0.231129691,"22":0.2302325517,"23":0.2303276956,"24":0.2307868898,"25":0.2340808511,"26":0.2305604964,"27":0.2331998199,"28":0.2313991785,"29":0.2317791432,"30":0.232478708,"31":0.2331264019,"32":0.2326256633,"33":0.2325770408,"34":0.2325512469,"35":0.2315394133,"36":0.2315640599,"37":0.2336428463,"38":0.2319218069,"39":0.2329427749,"40":0.2330691516,"41":0.2329041511,"42":0.2353342623,"43":0.2337766588,"44":0.233755827,"45":0.23537907,"46":0.2351333946,"47":0.2343394011,"48":0.2327183336,"49":0.234071821,"50":0.2359603494,"51":0.2341907769},"val_mse":{"0":1.4338326454,"1":1.446277976,"2":1.4434865713,"3":1.4604490995,"4":1.4816228151,"5":1.4766492844,"6":1.4982539415,"7":1.4962538481,"8":1.5024770498,"9":1.511666894,"10":1.5190187693,"11":1.5237373114,"12":1.5288356543,"13":1.5427000523,"14":1.5517700911,"15":1.5425029993,"16":1.5441925526,"17":1.5523723364,"18":1.5586471558,"19":1.555228591,"20":1.5682394505,"21":1.5586086512,"22":1.5629845858,"23":1.5626235008,"24":1.5698517561,"25":1.5868394375,"26":1.5690863132,"27":1.5874618292,"28":1.5710170269,"29":1.5784820318,"30":1.5790402889,"31":1.5902482271,"32":1.5848726034,"33":1.5881929398,"34":1.588694334,"35":1.5784368515,"36":1.5827741623,"37":1.6020802259,"38":1.5901563168,"39":1.5942069292,"40":1.5936163664,"41":1.5950273275,"42":1.6109578609,"43":1.6037561893,"44":1.6023411751,"45":1.6081947088,"46":1.6088199615,"47":1.6049895287,"48":1.5963863134,"49":1.6068081856,"50":1.6154919863,"51":1.6114990711}}