{"loss":{"0":3.6600461006,"1":3.1426634789,"2":2.9781696796,"3":2.8556861877,"4":2.7652568817,"5":2.6989398003,"6":2.6588737965,"7":2.6252322197,"8":2.5909748077,"9":2.5560450554,"10":2.5266067982,"11":2.5040664673,"12":2.4842505455,"13":2.4714446068,"14":2.4620602131,"15":2.4543981552,"16":2.447696209,"17":2.4418954849,"18":2.4358468056,"19":2.4294679165,"20":2.4236164093,"21":2.4165773392,"22":2.4094102383,"23":2.4019784927,"24":2.3951621056,"25":2.3887076378,"26":2.3832628727,"27":2.3775179386,"28":2.3727474213,"29":2.3687610626,"30":2.3642106056,"31":2.3606359959,"32":2.35774827,"33":2.3552546501,"34":2.3523025513,"35":2.3495066166,"36":2.3466336727,"37":2.3432621956,"38":2.3378674984,"39":2.332000494,"40":2.3273119926,"41":2.3233952522,"42":2.3207583427,"43":2.3175287247,"44":2.3160533905,"45":2.3136968613,"46":2.3122611046,"47":2.3104565144,"48":2.3098621368,"49":2.3083088398,"50":2.3073878288,"51":2.3059692383,"52":2.305778265,"53":2.3044507504,"54":2.3036453724,"55":2.3028171062,"56":2.3024873734,"57":2.3011279106,"58":2.3009901047},"msle":{"0":0.2096930444,"1":0.2196595669,"2":0.2195026577,"3":0.2203685492,"4":0.2197394371,"5":0.2189260721,"6":0.2180113345,"7":0.2180123329,"8":0.2183271497,"9":0.218120575,"10":0.2181483656,"11":0.2186712176,"12":0.219455108,"13":0.2188500762,"14":0.2181043178,"15":0.217796281,"16":0.2174247056,"17":0.2172810733,"18":0.2170102894,"19":0.2174613178,"20":0.2176714987,"21":0.2177687287,"22":0.217742011,"23":0.2177154124,"24":0.2177477181,"25":0.2175946683,"26":0.2174048126,"27":0.217179969,"28":0.2170215547,"29":0.2168454826,"30":0.2164238691,"31":0.2163671106,"32":0.2163188308,"33":0.2162609845,"34":0.2161950171,"35":0.2161972821,"36":0.2163082808,"37":0.2163002789,"38":0.2164788693,"39":0.2163894027,"40":0.2164627612,"41":0.2164515853,"42":0.216436848,"43":0.2164739668,"44":0.2163698077,"45":0.2163401395,"46":0.2163140923,"47":0.2163613439,"48":0.2163629681,"49":0.2163279951,"50":0.2161984146,"51":0.2161802799,"52":0.2163197696,"53":0.2162124217,"54":0.2161899656,"55":0.2162988633,"56":0.2162405401,"57":0.2162455469,"58":0.2162285745},"mse":{"0":1.2790075541,"1":1.3244000673,"2":1.3288788795,"3":1.3372541666,"4":1.3386973143,"5":1.3402965069,"6":1.3404966593,"7":1.3432220221,"8":1.3481142521,"9":1.349435091,"10":1.3513357639,"11":1.3549075127,"12":1.3601996899,"13":1.358721137,"14":1.3562004566,"15":1.3555989265,"16":1.3547743559,"17":1.354409337,"18":1.3532544374,"19":1.3547914028,"20":1.3559223413,"21":1.3561928272,"22":1.3562756777,"23":1.3566217422,"24":1.3570059538,"25":1.3566877842,"26":1.3561737537,"27":1.3552502394,"28":1.3546613455,"29":1.3543120623,"30":1.3526140451,"31":1.3521081209,"32":1.3521648645,"33":1.3522617817,"34":1.3518787622,"35":1.351982832,"36":1.3529286385,"37":1.3526697159,"38":1.3539311886,"39":1.3542448282,"40":1.3544385433,"41":1.3549004793,"42":1.3549594879,"43":1.3553791046,"44":1.355355978,"45":1.3555451632,"46":1.3555197716,"47":1.3558501005,"48":1.3561559916,"49":1.3560937643,"50":1.3554301262,"51":1.3555245399,"52":1.3564685583,"53":1.3560650349,"54":1.355784297,"55":1.3562475443,"56":1.3562415838,"57":1.3564692736,"58":1.356379509},"val_loss":{"0":3.2631757259,"1":3.0550739765,"2":2.9206895828,"3":2.8163635731,"4":2.7394022942,"5":2.69176054,"6":2.6602082253,"7":2.6298162937,"8":2.5920417309,"9":2.5640647411,"10":2.53901124,"11":2.5196995735,"12":2.5014264584,"13":2.4877696037,"14":2.480256319,"15":2.4748635292,"16":2.4649605751,"17":2.4601168633,"18":2.4549999237,"19":2.448007822,"20":2.4405472279,"21":2.4361505508,"22":2.43268013,"23":2.4215204716,"24":2.4146485329,"25":2.4084596634,"26":2.4020335674,"27":2.4007351398,"28":2.3945183754,"29":2.3885133266,"30":2.3855781555,"31":2.3807141781,"32":2.3803567886,"33":2.376739502,"34":2.3730089664,"35":2.368789196,"36":2.3672785759,"37":2.3642981052,"38":2.3584470749,"39":2.3503732681,"40":2.351142168,"41":2.3431899548,"42":2.3424882889,"43":2.342010498,"44":2.3437328339,"45":2.3369233608,"46":2.3348932266,"47":2.3332209587,"48":2.3347268105,"49":2.3309710026,"50":2.3338165283,"51":2.3294651508,"52":2.3276488781,"53":2.3302035332,"54":2.3275184631,"55":2.3249890804,"56":2.3281805515,"57":2.3315422535,"58":2.3252639771},"val_msle":{"0":0.2190777808,"1":0.2201070189,"2":0.2183968276,"3":0.2193460017,"4":0.2177978605,"5":0.2199185491,"6":0.2177665085,"7":0.2184924483,"8":0.2178354263,"9":0.2181825191,"10":0.2185850441,"11":0.2185673118,"12":0.2192291468,"13":0.2188631147,"14":0.218392998,"15":0.2177530229,"16":0.2176647186,"17":0.216403231,"18":0.2181205153,"19":0.2175677717,"20":0.2179594934,"21":0.2178495675,"22":0.2156505883,"23":0.2168931663,"24":0.2188355625,"25":0.2184536308,"26":0.2159961313,"27":0.2179238349,"28":0.2162598521,"29":0.2160863578,"30":0.2169147432,"31":0.2158193588,"32":0.2158682495,"33":0.2155465633,"34":0.2170645148,"35":0.2163604945,"36":0.2159339041,"37":0.2172014117,"38":0.2158474922,"39":0.2161457092,"40":0.2148569822,"41":0.2176784277,"42":0.2171378285,"43":0.2173614502,"44":0.2160927653,"45":0.2167469859,"46":0.2154389024,"47":0.2181939334,"48":0.2161774933,"49":0.2160951048,"50":0.2152613997,"51":0.2161573172,"52":0.2144759744,"53":0.2149735689,"54":0.2161596268,"55":0.2150007039,"56":0.2155664861,"57":0.2169170231,"58":0.2154204249},"val_mse":{"0":1.3209731579,"1":1.333856225,"2":1.3285710812,"3":1.3381055593,"4":1.3346050978,"5":1.3521037102,"6":1.3465092182,"7":1.3500491381,"8":1.3504613638,"9":1.354480505,"10":1.358271718,"11":1.3551015854,"12":1.3629391193,"13":1.3626739979,"14":1.3627095222,"15":1.3613854647,"16":1.3577876091,"17":1.3511347771,"18":1.362719059,"19":1.3566339016,"20":1.3607383966,"21":1.3595861197,"22":1.3479796648,"23":1.3539893627,"24":1.3668147326,"25":1.3635755777,"26":1.3510820866,"27":1.3613988161,"28":1.353292942,"29":1.3509949446,"30":1.3576869965,"31":1.3518160582,"32":1.3526195288,"33":1.3509818316,"34":1.3582578897,"35":1.3553692102,"36":1.3528745174,"37":1.361943841,"38":1.3528003693,"39":1.3535166979,"40":1.3482439518,"41":1.3653837442,"42":1.3627365828,"43":1.3665188551,"44":1.3564908504,"45":1.3610616922,"46":1.3549958467,"47":1.371429801,"48":1.3575359583,"49":1.3566515446,"50":1.3527702093,"51":1.35808146,"52":1.3477921486,"53":1.3501560688,"54":1.357858181,"55":1.3507586718,"56":1.3554745913,"57":1.3632267714,"58":1.3542808294}}